---INSERT EDITORA

INSERT INTO Discografia.Editora([name]) VALUES('At Velit LLC');
INSERT INTO Discografia.Editora([name]) VALUES('Gravida Mauris Ut Foundation');
INSERT INTO Discografia.Editora([name]) VALUES('Amet Nulla Inc.');
INSERT INTO Discografia.Editora([name]) VALUES('Dictum Consulting');
INSERT INTO Discografia.Editora([name]) VALUES('A Aliquet Ltd');
INSERT INTO Discografia.Editora([name]) VALUES('Sed Orci Consulting');
INSERT INTO Discografia.Editora([name]) VALUES('Velit Dui Inc.');
INSERT INTO Discografia.Editora([name]) VALUES('Velit In Aliquet Institute');
INSERT INTO Discografia.Editora([name]) VALUES('Sollicitudin Associates');
INSERT INTO Discografia.Editora([name]) VALUES('Nunc Lectus Pede Incorporated');
INSERT INTO Discografia.Editora([name]) VALUES('Nec Cursus Inc.');
INSERT INTO Discografia.Editora([name]) VALUES('Aliquam Nec Enim Company');
INSERT INTO Discografia.Editora([name]) VALUES('Ridiculus Mus Donec Industries');
INSERT INTO Discografia.Editora([name]) VALUES('Viverra Maecenas Company');
INSERT INTO Discografia.Editora([name]) VALUES('Eu Limited');
INSERT INTO Discografia.Editora([name]) VALUES('Tellus Imperdiet Non Associates');
INSERT INTO Discografia.Editora([name]) VALUES('Nullam Ut Nisi Incorporated');
INSERT INTO Discografia.Editora([name]) VALUES('Vitae Orci Phasellus Corp.');
INSERT INTO Discografia.Editora([name]) VALUES('Sit Amet Faucibus Institute');
INSERT INTO Discografia.Editora([name]) VALUES('Vitae Industries');
INSERT INTO Discografia.Editora([name]) VALUES('Aliquam Enim LLP');

SELECT * FROM Discografia.Editora

--INSERT ARTISTA

INSERT INTO Discografia.Artista([name],[records_id]) VALUES('Rajah',13);
INSERT INTO Discografia.Artista([name],[records_id]) VALUES('Kane',13);
INSERT INTO Discografia.Artista([name],[records_id]) VALUES('Ronaldo',21);
INSERT INTO Discografia.Artista([name],[records_id]) VALUES('Andrew',8);
INSERT INTO Discografia.Artista([name],[records_id]) VALUES('Hamilton',5);
INSERT INTO Discografia.Artista([name],[records_id]) VALUES('Maite',11);
INSERT INTO Discografia.Artista([name],[records_id]) VALUES('Tana',1);
INSERT INTO Discografia.Artista([name],[records_id]) VALUES('Nelle',21);
INSERT INTO Discografia.Artista([name],[records_id]) VALUES('Damon',14);
INSERT INTO Discografia.Artista([name],[records_id]) VALUES('Lana',12);
INSERT INTO Discografia.Artista([name],[records_id]) VALUES('Grant',14);
INSERT INTO Discografia.Artista([name],[records_id]) VALUES('Chelsea',8);
INSERT INTO Discografia.Artista([name],[records_id]) VALUES('Kirsten',3);
INSERT INTO Discografia.Artista([name],[records_id]) VALUES('Yuli',8);
INSERT INTO Discografia.Artista([name],[records_id]) VALUES('Brandon',3);
INSERT INTO Discografia.Artista([name],[records_id]) VALUES('Lucius',3);
INSERT INTO Discografia.Artista([name],[records_id]) VALUES('Demetria',2);
INSERT INTO Discografia.Artista([name],[records_id]) VALUES('Clinton',15);
INSERT INTO Discografia.Artista([name],[records_id]) VALUES('Judah',10);
INSERT INTO Discografia.Artista([name],[records_id]) VALUES('Constance',12);
INSERT INTO Discografia.Artista([name],[records_id]) VALUES('Nero',20);
INSERT INTO Discografia.Artista([name],[records_id]) VALUES('Finn',21);
INSERT INTO Discografia.Artista([name],[records_id]) VALUES('Jillian',8);
INSERT INTO Discografia.Artista([name],[records_id]) VALUES('Denton',10);
INSERT INTO Discografia.Artista([name],[records_id]) VALUES('Linda',1);
INSERT INTO Discografia.Artista([name],[records_id]) VALUES('Liedson',NULL);

SELECT * FROM Discografia.Artista

-------INSERT Vinil

INSERT INTO Discografia.Vinil([n_catalog],[release_year],[country],[genre],[artist_name],[vin_name],[records_id]) VALUES(1728,'1976-05-02','Moldova','Jazz','Denton','Vielka L. Hayden',12);
INSERT INTO Discografia.Vinil([n_catalog],[release_year],[country],[genre],[artist_name],[vin_name],[records_id]) VALUES(1773,'1979-12-17','Bermuda','Eletronic','Yuli','Ronan V. Patel',1);
INSERT INTO Discografia.Vinil([n_catalog],[release_year],[country],[genre],[artist_name],[vin_name],[records_id]) VALUES(1756,'2007-08-20','Mexico','Jazz','Lucius','Walter I. Holman',21);
INSERT INTO Discografia.Vinil([n_catalog],[release_year],[country],[genre],[artist_name],[vin_name],[records_id]) VALUES(1046,'1985-02-26','Uruguay','Pop','Yuli','Patrick Y. Day',5);
INSERT INTO Discografia.Vinil([n_catalog],[release_year],[country],[genre],[artist_name],[vin_name],[records_id]) VALUES(651,'1981-09-03','French Southern Territories','Eletronic','Finn','Bertha L. Hahn',19);
INSERT INTO Discografia.Vinil([n_catalog],[release_year],[country],[genre],[artist_name],[vin_name],[records_id]) VALUES(435,'1982-05-15','Svalbard and Jan Mayen Islands','Pop','Brandon','Garrison W. Sharp',16);
INSERT INTO Discografia.Vinil([n_catalog],[release_year],[country],[genre],[artist_name],[vin_name],[records_id]) VALUES(371,'2006-03-25','Georgia','Jazz','Rajah','Murphy P. Short',19);
INSERT INTO Discografia.Vinil([n_catalog],[release_year],[country],[genre],[artist_name],[vin_name],[records_id]) VALUES(1681,'1978-10-09','Maldives','Jazz','Jillian','Quin L. Sims',13);
INSERT INTO Discografia.Vinil([n_catalog],[release_year],[country],[genre],[artist_name],[vin_name],[records_id]) VALUES(1181,'1988-07-31','San Marino','Folk','Tana','Jolene F. Giles',18);
INSERT INTO Discografia.Vinil([n_catalog],[release_year],[country],[genre],[artist_name],[vin_name],[records_id]) VALUES(718,'1982-10-23','Brunei','Metal','Finn','Elaine E. Solis',4);
INSERT INTO Discografia.Vinil([n_catalog],[release_year],[country],[genre],[artist_name],[vin_name],[records_id]) VALUES(583,'1985-12-15','Benin','Jazz','Hamilton','Quinn B. Acosta',7);
INSERT INTO Discografia.Vinil([n_catalog],[release_year],[country],[genre],[artist_name],[vin_name],[records_id]) VALUES(264,'1961-06-16','Madagascar','Metal','Clinton','Amery S. Cooley',8);
INSERT INTO Discografia.Vinil([n_catalog],[release_year],[country],[genre],[artist_name],[vin_name],[records_id]) VALUES(1617,'2007-11-23','Togo','Metal','Yuli','Sophia Y. Washington',21);
INSERT INTO Discografia.Vinil([n_catalog],[release_year],[country],[genre],[artist_name],[vin_name],[records_id]) VALUES(579,'1971-11-27','Zambia','Eletronic','Yuli','Murphy Q. Guerra',4);
INSERT INTO Discografia.Vinil([n_catalog],[release_year],[country],[genre],[artist_name],[vin_name],[records_id]) VALUES(534,'1977-08-02','Antigua and Barbuda','Pop','Nero','Tyler X. Ayers',5);
INSERT INTO Discografia.Vinil([n_catalog],[release_year],[country],[genre],[artist_name],[vin_name],[records_id]) VALUES(1666,'1963-05-01','Mauritania','Metal','Lana','Wyoming I. Reilly',11);
INSERT INTO Discografia.Vinil([n_catalog],[release_year],[country],[genre],[artist_name],[vin_name],[records_id]) VALUES(1241,'1996-07-07','Argentina','HipHop','Kirsten','Cecilia Q. Wise',5);
INSERT INTO Discografia.Vinil([n_catalog],[release_year],[country],[genre],[artist_name],[vin_name],[records_id]) VALUES(237,'1960-10-17','Guyana','Jazz','Kirsten','Quinn Y. Frederick',7);
INSERT INTO Discografia.Vinil([n_catalog],[release_year],[country],[genre],[artist_name],[vin_name],[records_id]) VALUES(699,'1960-06-06','New Caledonia','Jazz','Demetria','Inez J. Graves',13);
INSERT INTO Discografia.Vinil([n_catalog],[release_year],[country],[genre],[artist_name],[vin_name],[records_id]) VALUES(55,'1971-03-18','Estonia','Pop','Lana','Armando V. Kennedy',3);
INSERT INTO Discografia.Vinil([n_catalog],[release_year],[country],[genre],[artist_name],[vin_name],[records_id]) VALUES(775,'2007-03-27','Montserrat','Metal','Andrew','Vera T. Aguirre',20);
INSERT INTO Discografia.Vinil([n_catalog],[release_year],[country],[genre],[artist_name],[vin_name],[records_id]) VALUES(256,'2004-10-09','Korea, North','HipHop','Lana','Kelly L. Baxter',12);
INSERT INTO Discografia.Vinil([n_catalog],[release_year],[country],[genre],[artist_name],[vin_name],[records_id]) VALUES(1435,'1987-03-07','India','Metal','Nelle','Caleb O. Andrews',4);
INSERT INTO Discografia.Vinil([n_catalog],[release_year],[country],[genre],[artist_name],[vin_name],[records_id]) VALUES(1158,'2008-03-01','Myanmar','HipHop','Jillian','Veronica V. Carver',10);
INSERT INTO Discografia.Vinil([n_catalog],[release_year],[country],[genre],[artist_name],[vin_name],[records_id]) VALUES(598,'2012-09-25','Honduras','HipHop','Grant','Silas U. Casey',18);
INSERT INTO Discografia.Vinil([n_catalog],[release_year],[country],[genre],[artist_name],[vin_name],[records_id]) VALUES(1493,'1984-10-20','Saudi Arabia','Folk','Demetria','Jamalia J. Campbell',10);
INSERT INTO Discografia.Vinil([n_catalog],[release_year],[country],[genre],[artist_name],[vin_name],[records_id]) VALUES(288,'2010-12-10','Burkina Faso','Folk','Lucius','Arthur Y. Russo',7);
INSERT INTO Discografia.Vinil([n_catalog],[release_year],[country],[genre],[artist_name],[vin_name],[records_id]) VALUES(1810,'2005-10-12','Netherlands','HipHop','Clinton','Sonya Q. Dennis',4);
INSERT INTO Discografia.Vinil([n_catalog],[release_year],[country],[genre],[artist_name],[vin_name],[records_id]) VALUES(1057,'2003-11-20','Northern Mariana Islands','Pop','Andrew','Aurelia Q. Robles',21);
INSERT INTO Discografia.Vinil([n_catalog],[release_year],[country],[genre],[artist_name],[vin_name],[records_id]) VALUES(622,'1985-11-04','Spain','Jazz','Rajah','Jeanette Q. Lambert',12);
INSERT INTO Discografia.Vinil([n_catalog],[release_year],[country],[genre],[artist_name],[vin_name],[records_id]) VALUES(69,'1985-11-04','Brazil','Jazz','Liedson','hat trick',null);

SELECT * FROM Discografia.Vinil

---INSERT Musicas

INSERT INTO Discografia.Musicas([songs_name],[songs_length],[id_vinyl]) VALUES('In the Heights',497,1617);
INSERT INTO Discografia.Musicas([songs_name],[songs_length],[id_vinyl]) VALUES('Cristal',538,583);
INSERT INTO Discografia.Musicas([songs_name],[songs_length],[id_vinyl]) VALUES('deja vu',392,775);
INSERT INTO Discografia.Musicas([songs_name],[songs_length],[id_vinyl]) VALUES('Solar Power',230,237);
INSERT INTO Discografia.Musicas([songs_name],[songs_length],[id_vinyl]) VALUES('Holiday',378,583);
INSERT INTO Discografia.Musicas([songs_name],[songs_length],[id_vinyl]) VALUES('WUSYANAME',165,534);
INSERT INTO Discografia.Musicas([songs_name],[songs_length],[id_vinyl]) VALUES('All Eyes on Me',139,371);
INSERT INTO Discografia.Musicas([songs_name],[songs_length],[id_vinyl]) VALUES('Chaga',257,1158);
INSERT INTO Discografia.Musicas([songs_name],[songs_length],[id_vinyl]) VALUES('Rainbow',539,1181);
INSERT INTO Discografia.Musicas([songs_name],[songs_length],[id_vinyl]) VALUES('Lumberjack',141,1666);
INSERT INTO Discografia.Musicas([songs_name],[songs_length],[id_vinyl]) VALUES('favorite crime',349,534);
INSERT INTO Discografia.Musicas([songs_name],[songs_length],[id_vinyl]) VALUES('Butter',573,534);
INSERT INTO Discografia.Musicas([songs_name],[songs_length],[id_vinyl]) VALUES('Kiss cam',314,718);
INSERT INTO Discografia.Musicas([songs_name],[songs_length],[id_vinyl]) VALUES('Ronaldo',355,237);
INSERT INTO Discografia.Musicas([songs_name],[songs_length],[id_vinyl]) VALUES('good 4 u',75,288);
INSERT INTO Discografia.Musicas([songs_name],[songs_length],[id_vinyl]) VALUES('Mask',177,1773);

SELECT * FROM Discografia.Musicas

----Insert Utilizador
INSERT INTO Discografia.Utilizador([username],[email],[name]) VALUES('Francesca','Vest@imperdietus.edu','Fletcher Sweet');
INSERT INTO Discografia.Utilizador([username],[email],[name]) VALUES('Maile','vel@eueleifendnec.org','Gannon Singleton');
INSERT INTO Discografia.Utilizador([username],[email],[name]) VALUES('Rinah','elit@acrisusMorbi.com','Jessamine C. Meyers');
INSERT INTO Discografia.Utilizador([username],[email],[name]) VALUES('Camille','quam@lobortismauris.ca','Destiny J. Briggs');
INSERT INTO Discografia.Utilizador([username],[email],[name]) VALUES('Sarah','v.libero@nequepelsque.co.uk','Herman Barrera');
INSERT INTO Discografia.Utilizador([username],[email],[name]) VALUES('Hillary','et@fringiis.edu','Vanna Mclean');
INSERT INTO Discografia.Utilizador([username],[email],[name]) VALUES('Sylvia','Proin.vel@comh.com','Jamal Mclean');
INSERT INTO Discografia.Utilizador([username],[email],[name]) VALUES('Beatrice','Vivamus.euismod.urna@molestie.org','Hilel Duncan');
INSERT INTO Discografia.Utilizador([username],[email],[name]) VALUES('Casey','neque@nonvemnec.net','Regina H. Kennedy');
INSERT INTO Discografia.Utilizador([username],[email],[name]) VALUES('Gloria','metus@fauctus.co.uk','Felix T. Stein');
INSERT INTO Discografia.Utilizador([username],[email],[name]) VALUES('Yen','mi.felis@alam.co.uk','Darius Rowland');
INSERT INTO Discografia.Utilizador([username],[email],[name]) VALUES('Gemma','a.arcu@egetdictum.edu','Bo Rocha');
INSERT INTO Discografia.Utilizador([username],[email],[name]) VALUES('Lillith','imperdiet@adipimmi.org','Cody Gilmore');
INSERT INTO Discografia.Utilizador([username],[email],[name]) VALUES('Jorden','porttue@eleifendeged.ca','Ann R. Vazquez');
INSERT INTO Discografia.Utilizador([username],[email],[name]) VALUES('Blaine','penatibus@etmagnisdis.ca','Kelly Wallace');
INSERT INTO Discografia.Utilizador([username],[email],[name]) VALUES('Dora','viis@etrutrum.co.uk','Stone V. Farrell');
INSERT INTO Discografia.Utilizador([username],[email],[name]) VALUES('Fleur','eu.nibh@euodio.ca','Jayme Hewitt');
INSERT INTO Discografia.Utilizador([username],[email],[name]) VALUES('Tallulah','libero@liberoDonec.com','Lisandra W. Hahn');
INSERT INTO Discografia.Utilizador([username],[email],[name]) VALUES('Belle','enim.sit.amet@magna.co.uk','Ezra J. Lawrence');
INSERT INTO Discografia.Utilizador([username],[email],[name]) VALUES('Zenia','purus@cursus.net','Harrison Y. Duffy');
INSERT INTO Discografia.Utilizador([username],[email],[name]) VALUES('Lareina','fermentum@consim.net','Geoffrey Sweet');
INSERT INTO Discografia.Utilizador([username],[email],[name]) VALUES('Chantale','Praesent.iula@malesuada.org','Colorado V. Francis');
INSERT INTO Discografia.Utilizador([username],[email],[name]) VALUES('Erica','imperdiet@upit.net','Summer Massey');
INSERT INTO Discografia.Utilizador([username],[email],[name]) VALUES('Lydia','Suspendisse.ac.metus@tempusrisus.net','Emma Norton');
INSERT INTO Discografia.Utilizador([username],[email],[name]) VALUES('Lacey','vel.pede.blandit@feugiatSednec.com','Plato Bean');
INSERT INTO Discografia.Utilizador([username],[email],[name]) VALUES('Veda','Aliquam.nec.enim@aptenttaciti.net','Jillian Strickland');
INSERT INTO Discografia.Utilizador([username],[email],[name]) VALUES('Beatrice','dis.parturient.montes@Nuncmaurissapien.co.uk','Nomlanga O. Moses');
INSERT INTO Discografia.Utilizador([username],[email],[name]) VALUES('Imogene','ac@luctusvulputate.net','Maxine Mullins');
INSERT INTO Discografia.Utilizador([username],[email],[name]) VALUES('Adena','Integernt@congueelitsed.ca','Riley Y. Santiago');
INSERT INTO Discografia.Utilizador([username],[email],[name]) VALUES('Yeo','egenia.Sed@enimcondimeget.ca','Iliana Bush');
INSERT INTO Discografia.Utilizador([username],[email],[name]) VALUES('Kalia','egestas.urna@semeget.org','Deirdre Howard');
INSERT INTO Discografia.Utilizador([username],[email],[name]) VALUES('Aurora','eget.metus.eu@liberoProinmi.net','Driscoll C. Sexton');
INSERT INTO Discografia.Utilizador([username],[email],[name]) VALUES('Ebony','sed@morbitristiquesenectus.org','Laura Decker');
INSERT INTO Discografia.Utilizador([username],[email],[name]) VALUES('Madonna','odio.semper.cursus@cursus.ca','Drake U. Raymond');
INSERT INTO Discografia.Utilizador([username],[email],[name]) VALUES('Lila','Praesenla@acico.uk','Caesar O. Reese');
INSERT INTO Discografia.Utilizador([username],[email],[name]) VALUES('Angelica','turpiscing@penat.co.uk','Audrey H. Douglas');
INSERT INTO Discografia.Utilizador([username],[email],[name]) VALUES('Kellie','Morbi.accumsan@erosnon.net','Hoyt T. Estes');
INSERT INTO Discografia.Utilizador([username],[email],[name]) VALUES('Callie','sceque.Nullam@vulputaterisus.net','Maxwell Vang');
INSERT INTO Discografia.Utilizador([username],[email],[name]) VALUES('Tamara','turpis.non.enim@magnirient.com','Shelley Kelly');
INSERT INTO Discografia.Utilizador([username],[email],[name]) VALUES('Yolanda','ligula.Aenean@eget.net','Blake P. Anderson');
INSERT INTO Discografia.Utilizador([username],[email],[name]) VALUES('Macey','mattt@odiotristique.net','Cora O. Mercado');
INSERT INTO Discografia.Utilizador([username],[email],[name]) VALUES('Nayda','Fusce@molestie.com','Kyle Dickson');
INSERT INTO Discografia.Utilizador([username],[email],[name]) VALUES('Lydia','porttitor.scelerisque.neque@turpis.net','Ciaran F. Merritt');
INSERT INTO Discografia.Utilizador([username],[email],[name]) VALUES('Hilary','facil.commodo@penaset.edu','Guinevere Morrow');
INSERT INTO Discografia.Utilizador([username],[email],[name]) VALUES('Michelle','ligula@Nunclaoreet.com','Paloma N. Newman');
INSERT INTO Discografia.Utilizador([username],[email],[name]) VALUES('Mallory','erat@sollicitada.co.uk','Melinda Gray');
INSERT INTO Discografia.Utilizador([username],[email],[name]) VALUES('Wynter','diam.Sed.diam@urnaconvalliserat.com','Isaac R. Melendez');
INSERT INTO Discografia.Utilizador([username],[email],[name]) VALUES('Cora','nibh.Donec@risusquis.ca','Nina Reilly');
INSERT INTO Discografia.Utilizador([username],[email],[name]) VALUES('Rachel','Morbi.vehicula@Nullecenas.ca','Blossom Roy');
INSERT INTO Discografia.Utilizador([username],[email],[name]) VALUES('Lareina','velit.justo.nec@facilisis.net','Brian Snider');
INSERT INTO Discografia.Utilizador([username],[email],[name]) VALUES('Abigail','sociis@magnaSuspendissetristique.com','Brady Bartlett');
INSERT INTO Discografia.Utilizador([username],[email],[name]) VALUES('Angela','ut.aliquam@Mauris.org','Prescott R. Hewitt');
INSERT INTO Discografia.Utilizador([username],[email],[name]) VALUES('Alisa','Sed.eget.lacus@Nullamnisl.ca','Kyle Z. Mcmahon');
INSERT INTO Discografia.Utilizador([username],[email],[name]) VALUES('Ann','a.mada@vitae.org','Yuli Kelly');
INSERT INTO Discografia.Utilizador([username],[email],[name]) VALUES('Aiko','Vesipsum@ascelerisque.org','Colby C. Gilmore');
INSERT INTO Discografia.Utilizador([username],[email],[name]) VALUES('Audra','congue@vehicula.edu','Hiram L. Morales');
INSERT INTO Discografia.Utilizador([username],[email],[name]) VALUES('Constance','libero.Donuer@enimSed.ca','Stephen Sykes');
INSERT INTO Discografia.Utilizador([username],[email],[name]) VALUES('Reagan','non@llis.org','Wynter Hooper');
INSERT INTO Discografia.Utilizador([username],[email],[name]) VALUES('Eleanor','euismod.ac.fermentum@eratvelpede.ca','Xerxes Frazier');
INSERT INTO Discografia.Utilizador([username],[email],[name]) VALUES('Kathleen','ipsum.sodales@eu.net','Irene Palmer');
INSERT INTO Discografia.Utilizador([username],[email],[name]) VALUES('Leilani','dolor.Fusce@sedfacilisisvitae.ca','Mufutau Q. Prince');
INSERT INTO Discografia.Utilizador([username],[email],[name]) VALUES('Alea','maisse@purus.com','Zena Valenzuela');
INSERT INTO Discografia.Utilizador([username],[email],[name]) VALUES('Leandra','tempor.diam.dictum@risusvarius.net','Elvis Mendez');
INSERT INTO Discografia.Utilizador([username],[email],[name]) VALUES('Nevada','ipsum@erosnon.ca','Caryn R. Whitfield');
INSERT INTO Discografia.Utilizador([username],[email],[name]) VALUES('Pascale','massa.non.ante@arcuNunc.ca','Ryan Sloan');
INSERT INTO Discografia.Utilizador([username],[email],[name]) VALUES('Patience','netus.et.malesuada@non.co.uk','Boris X. Glass');
INSERT INTO Discografia.Utilizador([username],[email],[name]) VALUES('Gloria','bibendum@sed.com','Thor A. Randall');
INSERT INTO Discografia.Utilizador([username],[email],[name]) VALUES('Isadora','ted.nunc@taquad.org','Daphne Q. Alvarado');

SELECT * FROM Discografia.Utilizador

--Insert Colecao (usar Trigger, aquando da insercao de um uilizador, criar Colecao desse utilizador
INSERT INTO Discografia.Colecao([username]) VALUES('Francesca');
INSERT INTO Discografia.Colecao([username]) VALUES('Maile');
INSERT INTO Discografia.Colecao([username]) VALUES('Rinah');
INSERT INTO Discografia.Colecao([username]) VALUES('Camille');
INSERT INTO Discografia.Colecao([username]) VALUES('Sarah');
INSERT INTO Discografia.Colecao([username]) VALUES('Hillary');
INSERT INTO Discografia.Colecao([username]) VALUES('Sylvia');
INSERT INTO Discografia.Colecao([username]) VALUES('Beatrice');
INSERT INTO Discografia.Colecao([username]) VALUES('Casey');
INSERT INTO Discografia.Colecao([username]) VALUES('Gloria');
INSERT INTO Discografia.Colecao([username]) VALUES('Yen');
INSERT INTO Discografia.Colecao([username]) VALUES('Gemma');
INSERT INTO Discografia.Colecao([username]) VALUES('Lillith');
INSERT INTO Discografia.Colecao([username]) VALUES('Jorden');
INSERT INTO Discografia.Colecao([username]) VALUES('Blaine');
INSERT INTO Discografia.Colecao([username]) VALUES('Dora');
INSERT INTO Discografia.Colecao([username]) VALUES('Fleur');
INSERT INTO Discografia.Colecao([username]) VALUES('Tallulah');
INSERT INTO Discografia.Colecao([username]) VALUES('Belle');
INSERT INTO Discografia.Colecao([username]) VALUES('Zenia');
INSERT INTO Discografia.Colecao([username]) VALUES('Lareina');
INSERT INTO Discografia.Colecao([username]) VALUES('Chantale');
INSERT INTO Discografia.Colecao([username]) VALUES('Erica');
INSERT INTO Discografia.Colecao([username]) VALUES('Lydia');
INSERT INTO Discografia.Colecao([username]) VALUES('Lacey');
INSERT INTO Discografia.Colecao([username]) VALUES('Veda');
INSERT INTO Discografia.Colecao([username]) VALUES('Beatrice');
INSERT INTO Discografia.Colecao([username]) VALUES('Imogene');
INSERT INTO Discografia.Colecao([username]) VALUES('Adena');
INSERT INTO Discografia.Colecao([username]) VALUES('Yeo');
INSERT INTO Discografia.Colecao([username]) VALUES('Kalia');
INSERT INTO Discografia.Colecao([username]) VALUES('Aurora');
INSERT INTO Discografia.Colecao([username]) VALUES('Ebony');
INSERT INTO Discografia.Colecao([username]) VALUES('Madonna');
INSERT INTO Discografia.Colecao([username]) VALUES('Lila');
INSERT INTO Discografia.Colecao([username]) VALUES('Angelica');
INSERT INTO Discografia.Colecao([username]) VALUES('Kellie');
INSERT INTO Discografia.Colecao([username]) VALUES('Callie');
INSERT INTO Discografia.Colecao([username]) VALUES('Tamara');
INSERT INTO Discografia.Colecao([username]) VALUES('Yolanda');
INSERT INTO Discografia.Colecao([username]) VALUES('Macey');
INSERT INTO Discografia.Colecao([username]) VALUES('Nayda');
INSERT INTO Discografia.Colecao([username]) VALUES('Lydia');
INSERT INTO Discografia.Colecao([username]) VALUES('Hilary');
INSERT INTO Discografia.Colecao([username]) VALUES('Michelle');
INSERT INTO Discografia.Colecao([username]) VALUES('Mallory');
INSERT INTO Discografia.Colecao([username]) VALUES('Wynter');
INSERT INTO Discografia.Colecao([username]) VALUES('Cora');
INSERT INTO Discografia.Colecao([username]) VALUES('Rachel');
INSERT INTO Discografia.Colecao([username]) VALUES('Lareina');
INSERT INTO Discografia.Colecao([username]) VALUES('Abigail');
INSERT INTO Discografia.Colecao([username]) VALUES('Angela');
INSERT INTO Discografia.Colecao([username]) VALUES('Alisa');
INSERT INTO Discografia.Colecao([username]) VALUES('Ann');
INSERT INTO Discografia.Colecao([username]) VALUES('Aiko');
INSERT INTO Discografia.Colecao([username])VALUES('Audra');
INSERT INTO Discografia.Colecao([username]) VALUES('Constance');
INSERT INTO Discografia.Colecao([username]) VALUES('Reagan');
INSERT INTO Discografia.Colecao([username]) VALUES('Eleanor');
INSERT INTO Discografia.Colecao([username]) VALUES('Kathleen');
INSERT INTO Discografia.Colecao([username]) VALUES('Leilani');
INSERT INTO Discografia.Colecao([username]) VALUES('Alea');
INSERT INTO Discografia.Colecao([username]) VALUES('Leandra');
INSERT INTO Discografia.Colecao([username]) VALUES('Nevada');
INSERT INTO Discografia.Colecao([username]) VALUES('Pascale');
INSERT INTO Discografia.Colecao([username]) VALUES('Patience');
INSERT INTO Discografia.Colecao([username]) VALUES('Gloria');
INSERT INTO Discografia.Colecao([username]) VALUES('Isadora');
SELECT * FROM Discografia.Colecao

--Insert Pessoa

INSERT INTO Discografia.Pessoa([artist_name]) VALUES('Rajah');
INSERT INTO Discografia.Pessoa([artist_name]) VALUES('Kane');
INSERT INTO Discografia.Pessoa([artist_name]) VALUES('Andrew');
INSERT INTO Discografia.Pessoa([artist_name]) VALUES('Hamilton');
INSERT INTO Discografia.Pessoa([artist_name]) VALUES('Maite');
INSERT INTO Discografia.Pessoa([artist_name]) VALUES('Tana');
INSERT INTO Discografia.Pessoa([artist_name]) VALUES('Nelle');
INSERT INTO Discografia.Pessoa([artist_name]) VALUES('Damon');
INSERT INTO Discografia.Pessoa([artist_name]) VALUES('Lana');
INSERT INTO Discografia.Pessoa([artist_name]) VALUES('Grant');
INSERT INTO Discografia.Pessoa([artist_name]) VALUES('Chelsea');
INSERT INTO Discografia.Pessoa([artist_name]) VALUES('Kirsten');
INSERT INTO Discografia.Pessoa([artist_name]) VALUES('Yuli');
INSERT INTO Discografia.Pessoa([artist_name]) VALUES('Brandon');
INSERT INTO Discografia.Pessoa([artist_name]) VALUES('Lucius');
INSERT INTO Discografia.Pessoa([artist_name]) VALUES('Demetria');
INSERT INTO Discografia.Pessoa([artist_name]) VALUES('Clinton');
INSERT INTO Discografia.Pessoa([artist_name]) VALUES('Judah');
INSERT INTO Discografia.Pessoa([artist_name]) VALUES('Nero');
INSERT INTO Discografia.Pessoa([artist_name]) VALUES('Finn');
INSERT INTO Discografia.Pessoa([artist_name]) VALUES('Jillian');
INSERT INTO Discografia.Pessoa([artist_name]) VALUES('Denton');
INSERT INTO Discografia.Pessoa([artist_name]) VALUES('Linda');
INSERT INTO Discografia.Pessoa([artist_name]) VALUES('Ronaldo');

SELECT * FROM Discografia.Pessoa


--Insert Banda
INSERT INTO Discografia.Grupo([band_name],[n_elements]) VALUES('Rajah',7);
INSERT INTO Discografia.Grupo([band_name],[n_elements]) VALUES('Ronaldo',7);
INSERT INTO Discografia.Grupo([band_name],[n_elements]) VALUES('Hamilton',3);
INSERT INTO Discografia.Grupo([band_name],[n_elements]) VALUES('Chelsea',11);
INSERT INTO Discografia.Grupo([band_name],[n_elements]) VALUES('Lucius',2);
SELECT * FROM Discografia.Grupo

--Insert Pertence
INSERT INTO Discografia.Pertence([band_name],[artist_name]) VALUES('Chelsea','Andrew');
INSERT INTO Discografia.Pertence([band_name],[artist_name]) VALUES('Chelsea','Hamilton');
INSERT INTO Discografia.Pertence([band_name],[artist_name]) VALUES('Ronaldo','Ronaldo');
INSERT INTO Discografia.Pertence([band_name],[artist_name]) VALUES('Hamilton','Finn');
INSERT INTO Discografia.Pertence([band_name],[artist_name]) VALUES('Chelsea','Brandon');
INSERT INTO Discografia.Pertence([band_name],[artist_name]) VALUES('Rajah','Denton');
INSERT INTO Discografia.Pertence([band_name],[artist_name]) VALUES('Lucius','Judah');
SELECT * FROM Discografia.Pertence

--Insert Comprador
INSERT INTO Discografia.Comprador([username],[buyer_rating]) VALUES('Adena',5);
INSERT INTO Discografia.Comprador([username],[buyer_rating]) VALUES('Belle',3);
INSERT INTO Discografia.Comprador([username],[buyer_rating]) VALUES('Camille',5);
INSERT INTO Discografia.Comprador([username],[buyer_rating]) VALUES('Dora',4);
INSERT INTO Discografia.Comprador([username],[buyer_rating]) VALUES('Hilary',5);
INSERT INTO Discografia.Comprador([username],[buyer_rating]) VALUES('Lila',5);
INSERT INTO Discografia.Comprador([username],[buyer_rating]) VALUES('Yen',5);
SELECT * FROM Discografia.Comprador

--Insert Vendedor
INSERT INTO Discografia.Vendedor([username],[sellers_rating]) VALUES('Camille',4);
INSERT INTO Discografia.Vendedor([username],[sellers_rating]) VALUES('Angela',4);
INSERT INTO Discografia.Vendedor([username],[sellers_rating]) VALUES('Fleur',4);
INSERT INTO Discografia.Vendedor([username],[sellers_rating]) VALUES('Kalia',4);
INSERT INTO Discografia.Vendedor([username],[sellers_rating]) VALUES('Jorden',6);
INSERT INTO Discografia.Vendedor([username],[sellers_rating]) VALUES('Yolanda',4);
INSERT INTO Discografia.Vendedor([username],[sellers_rating]) VALUES('Rinah',4);
SELECT * FROM Discografia.Vendedor

--Insert Anuncio
INSERT INTO Discografia.Anuncio([price],[n_catalog],[sellers_username]) VALUES(58,55,'Fleur');
INSERT INTO Discografia.Anuncio([price],[n_catalog],[sellers_username]) VALUES(75,534,'Rinah');
INSERT INTO Discografia.Anuncio([price],[n_catalog],[sellers_username]) VALUES(179,718,'Kalia');
INSERT INTO Discografia.Anuncio([price],[n_catalog],[sellers_username]) VALUES(152,1046,'Kalia');
INSERT INTO Discografia.Anuncio([price],[n_catalog],[sellers_username]) VALUES(65,1241,'Yolanda');
INSERT INTO Discografia.Anuncio([price],[n_catalog],[sellers_username]) VALUES(183,1181,'Camille');
INSERT INTO Discografia.Anuncio([price],[n_catalog],[sellers_username]) VALUES(133,55,'Rinah');
INSERT INTO Discografia.Anuncio([price],[n_catalog],[sellers_username]) VALUES(61,1241,'Camille');
INSERT INTO Discografia.Anuncio([price],[n_catalog],[sellers_username]) VALUES(62,1666,'Fleur');
INSERT INTO Discografia.Anuncio([price],[n_catalog],[sellers_username]) VALUES(47,775,'Angela');
INSERT INTO Discografia.Anuncio([price],[n_catalog],[sellers_username]) VALUES(39,1681,'Angela');
INSERT INTO Discografia.Anuncio([price],[n_catalog],[sellers_username]) VALUES(48,1666,'Kalia');
INSERT INTO Discografia.Anuncio([price],[n_catalog],[sellers_username]) VALUES(186,598,'Kalia');
INSERT INTO Discografia.Anuncio([price],[n_catalog],[sellers_username]) VALUES(33,775,'Angela');
INSERT INTO Discografia.Anuncio([price],[n_catalog],[sellers_username]) VALUES(87,55,'Fleur');
INSERT INTO Discografia.Anuncio([price],[n_catalog],[sellers_username],[buyer_username]) VALUES(199,55,'Fleur','Adena');
INSERT INTO Discografia.Anuncio([price],[n_catalog],[sellers_username],[buyer_username]) VALUES(19,1046,'Angela','Lila');
INSERT INTO Discografia.Anuncio([price],[n_catalog],[sellers_username],[buyer_username]) VALUES(134,55,'Fleur','Yen');
SELECT * FROM Discografia.Anuncio

--Insert Rating
INSERT INTO Discografia.Rating([n_catalog],[username],[rating]) VALUES(55,'Fleur',5);
INSERT INTO Discografia.Rating([n_catalog],[username],[rating]) VALUES(1666,'Fleur',5);
INSERT INTO Discografia.Rating([n_catalog],[username],[rating]) VALUES(598,'Dora',3);
INSERT INTO Discografia.Rating([n_catalog],[username],[rating]) VALUES(1681,'Yolanda',2);
INSERT INTO Discografia.Rating([n_catalog],[username],[rating]) VALUES(1666,'Camille',4);
INSERT INTO Discografia.Rating([n_catalog],[username],[rating]) VALUES(775,'Adena',5);
INSERT INTO Discografia.Rating([n_catalog],[username],[rating]) VALUES(1046,'Belle',3);
INSERT INTO Discografia.Rating([n_catalog],[username],[rating]) VALUES(534,'Yen',1);
INSERT INTO Discografia.Rating([n_catalog],[username],[rating]) VALUES(775,'Casey',4);

SELECT * FROM Discografia.Rating

--Insert Vinyl into Collection
INSERT INTO Discografia.Colecao_com_Vinil([n_catalog],[username]) VALUES(55,'Fleur');
INSERT INTO Discografia.Colecao_com_Vinil([n_catalog],[username]) VALUES(775,'Fleur');
INSERT INTO Discografia.Colecao_com_Vinil([n_catalog],[username]) VALUES(534,'Fleur');
INSERT INTO Discografia.Colecao_com_Vinil([n_catalog],[username]) VALUES(1046,'Fleur');
INSERT INTO Discografia.Colecao_com_Vinil([n_catalog],[username]) VALUES(1666,'Fleur');
INSERT INTO Discografia.Colecao_com_Vinil([n_catalog],[username]) VALUES(775,'Yolanda');
INSERT INTO Discografia.Colecao_com_Vinil([n_catalog],[username]) VALUES(775,'Yen');
INSERT INTO Discografia.Colecao_com_Vinil([n_catalog],[username]) VALUES(55,'Yen');
INSERT INTO Discografia.Colecao_com_Vinil([n_catalog],[username]) VALUES(598,'Yen');
INSERT INTO Discografia.Colecao_com_Vinil([n_catalog],[username]) VALUES(1666,'Yen');
INSERT INTO Discografia.Colecao_com_Vinil([n_catalog],[username]) VALUES(775,'Casey');
INSERT INTO Discografia.Colecao_com_Vinil([n_catalog],[username]) VALUES(1666,'Casey');
INSERT INTO Discografia.Colecao_com_Vinil([n_catalog],[username]) VALUES(55,'Casey');
INSERT INTO Discografia.Colecao_com_Vinil([n_catalog],[username]) VALUES(1046,'Casey');
SELECT * FROM Discografia.Colecao_com_Vinil;



SELECT * FROM Vinil;
SELECT COUNT(*) FROM Vinil --numero de vinis



----------------------
--listar artistas e editoras
---------------------
SELECT * FROM Artista;
-------------------
SELECT * FROM Editora;
----------------------
SELECT * FROM Discografia.Anuncio WHERE buyer_username is NULL; --apenas lista aquelas que n\ao tem comprador
SELECT * FROM Discografia.Anuncio Where buyer_username is not NULL; --lista os anuncios ja comprados
SELECT COUNT(*) FROM Discografia.Anuncio; --numero de anuncios